"VACCINE_GROUP","VACCINE","TRADE_NAME","MVX_CODE","VACCINE_DESCRIPTION","CPT_CODE","CVX_CODE","VACCINE_STATUS"
"Adeno","Adeno T4","Adeno T4",,"adenovirus vaccine, type 4, live, oral",90476,"54","Inactive"
"Adeno","Adenovirus, types 4 and 7","Adeno T4 and T7","TVA","Adenovirus, type 4 and type 7, live, oral",,"143","Active"
"Adeno","Adeno T7","Adeno T7",,"adenovirus vaccine, type 7, live, oral",90477,"55","Inactive"
"Adeno","Adenovirus, unspecified formulation",,,"adenovirus vaccine, unspecified formulation",,"82","Inactive"
"Anthrax","Anthrax","Anthrax, pre/post",,"anthrax vaccine, pre or post-exposure",,"24","Inactive"
"Anthrax","Anthrax","CYFENDUS","MIP","anthrax vaccine, post-exposure",90581,318,"Active"
"Anthrax","Anthrax","BioThrax","MIP","anthrax vaccine, pre or post-exposure",90581,"24","Inactive"
"Anthrax","Anthrax, unspecified",,,"anthrax vaccine, unspecified formulation",,319,
"Avian Influenza H5","Avian Flu unspecified",,,"Avian Flu unspecified",,323,"Inactive"
"Avian Influenza H5","Avian Flu mono",,,"Avian Flu mono",,322,"Active"
"Avian Influenza H5","Avian Flu mono pfree",,,"Avian Flu mono pfree",,321,"Active"
"BCG","BCG","BCG",,"Bacillus Calmette-Guerin vaccine",90728,"19","Active"
"BCG","BCG-TB","BCG-TB",,"Bacillus Calmette-Guerin vaccine",90585,"19","Active"
"Cholera","Cholera, Unspecified formulation","Cholera-I",,"cholera vaccine, unspecified formulation",90725,"26","Inactive"
"Cholera","Cholera-Oral","Cholera-O",,"cholera vaccine, unspecified formulation",90592,"26","Inactive"
"Cholera","Cholera, live attenuated","VAXCHORA","PAX","cholera, live attenuated",90625,"174","Active"
"Cholera","Cholera, BivWC",,,"cholera, BivWC",,"173","Inactive"
"Cholera","Cholera, WC-rBS",,,"cholera, WC-rBS",,"172","Inactive"
"COVID Pandemic","COVID-19,vector-nr,rS-ChAdOx1,PF,0.5 mL","AstraZeneca COVID-19","ASZ","COVID-19,vector-nr,rS-ChAdOx1,PF,0.5 mL",91302,210,"Active"
"COVID Pandemic","COVID-19 IV Non-US (CoronaVac, Sinovac)","Coronavac (Sinovac) COVID-19 Vaccine","SNV","COVID-19 IV Non-US (CoronaVac, Sinovac)",,511,"Active"
"COVID Pandemic","COVID-19,vector-nr,rS-Ad26,PF,0.5 mL ","Janssen COVID-19 Vaccine","JSN","COVID-19,vector-nr,rS-Ad26,PF,0.5 mL ",91303,212,"Active"
"COVID Pandemic","COVID-19,mRNA,LNP-S,PF,100mcg","Spikevax-MOD 100mcg","MOD","COVID-19, mRNA, LNP-S, PF, 100 mcg/ 0.5 mL dose",91301,207,"Active"
"COVID Pandemic","COVID-19 ReSpProNanoMtM1 adj pfree 0.5mL","Novavax COVID-19 Vaccine","NVX","COVID-19 ReSpProNanoMtM1 adj pfree 0.5mL",91304,211,"Active"
"COVID Pandemic","COVID-19, mRNA, LNP-S, PF, 30mcg/0.3mL","Comirnaty-PFR 30mcg","PFR","COVID-19, mRNA, LNP-S, PF, 30 mcg/0.3 mL dose",91300,208,"Active"
"COVID Pandemic","COVID-19, mRNA, LNP-S, PF, 30mcg/0.3mL","Comirnaty-PFR t-s 30mcg","PFR","COVID-19, mRNA, LNP-S, PF, 30 mcg/0.3 mL dose tris-sucrose",91305,217,"Active"
"COVID Pandemic","COVID-19 IV Non-US (BIBP, Sinopharm)","Sinopharm (BIBP) COVID-19 Vaccine","SPH","COVID-19 IV Non-US (BIBP, Sinopharm)",,510,"Active"
"COVID Pandemic","COVID-19 Non-US Vaccine, Product Unknown",,,"COVID-19 Non-US Vaccine, Product Unknown",,500,"Active"
"COVID Pandemic","COVID-19 IV Non-US Vaccine (QAZCOVID-IN)",,,"COVID-19 IV Non-US Vaccine (QAZCOVID-IN)",,501,"Active"
"COVID Pandemic","COVID-19 IV Non-US Vaccine (COVAXIN)",,,"COVID-19 IV Non-US Vaccine (COVAXIN)",,502,"Active"
"COVID Pandemic","COVID-19 LAV Non-US Vaccine (COVIVAC)",,,"COVID-19 LAV Non-US Vaccine (COVIVAC)",,503,"Active"
"COVID Pandemic","COVID-19 VVnr Non-US (Sputnik Light)",,,"COVID-19 VVnr Non-US (Sputnik Light)",,504,"Active"
"COVID Pandemic","COVID-19 VVnr Non-US Vaccine (Sputnik V)",,,"COVID-19 VVnr Non-US Vaccine (Sputnik V)",,505,"Active"
"COVID Pandemic","COVID-19 VVnr Non-US (CanSino/Beijing)",,,"COVID-19 VVnr Non-US (CanSino/Beijing)",,506,"Active"
"COVID Pandemic","COVID-19 PS Non-US (Anhui Zhifei)",,,"COVID-19 PS Non-US (Anhui Zhifei)",,507,"Active"
"COVID Pandemic","COVID-19 PS Non-US Vaccine (Jiangsu)",,,"COVID-19 PS Non-US Vaccine (Jiangsu)",,508,"Active"
"COVID Pandemic","COVID-19 PS Non-US (EpiVacCorona)",,,"COVID-19 PS Non-US (EpiVacCorona)",,509,"Active"
"COVID Pandemic","COVID-19 vaccine, UNSPECIFIED",,,"COVID-19 vaccine, UNSPECIFIED",,213,"Active"
"COVID Pandemic","COVID-19, mRNA, LNP-S, PF, 10mcg/0.2mL","Comirnaty-PFR t-s 10mcg","PFR","COVID-19, mRNA, LNP-S, PF, 10 mcg/0.2 mL dose tris-sucrose",91307,218,"Active"
"COVID Pandemic","COVID-19, mRNA, LNP-S, PF, 3mcg/0.2mL","Comirnaty-PFR t-s 3mcg","PFR","COVID-19, mRNA, LNP-S, PF, 3 mcg/0.2 mL dose tris-sucrose",91308,219,"Active"
"COVID Pandemic","COVID-19,mRNA,LNP-S,PF,50mcg","Spikevax-MOD 50mcg RED","MOD","COVID-19, mRNA, LNP-S, PF, 50 mcg/ 0.25 mL booster dose, RED CAP",91306,207,"Active"
"COVID Pandemic","COVID-19,mRNA,LNP-S,PF,50mcg","Spikevax-MOD 50mcg DKB","MOD","COVID-19, mRNA, LNP-S, PF, 50 mcg/ 0.5 mL booster dose, DARK BLUE CAP",91309,221,"Active"
"COVID Pandemic","SARS-COV-2,D614,adj,PF, 5mcg","Sanofi COVID-19 Boost","PMC","SARS-COV-2,D614,adj,PF, 5mcg",91310,225,"Inactive"
"COVID Pandemic","SARS-COV-2,D614,adj,PF, 10mcg","Sanofi COVID-19","PMC","SARS-COV-2,D614,adj,PF, 10mcg",,226,"Inactive"
"COVID Pandemic","C-19,mRNA,LNP-S,PF,25mcg/0.25mL PEDS","Spikevax-MOD 25mcg PEDS","MOD","SARS-COV-2 (COVID-19) vaccine, mRNA, spike protein, LNP, preservative free, pediatric 25 mcg/0.25 mL dose",91311,228,"Active"
"COVID Pandemic","C-19,mRNA,LNP-S,PF,50mcg/0.5mL PEDS ","Spikevax-MOD 50mcg PEDS","MOD","SARS-COV-2 (COVID-19) vaccine, mRNA, spike protein, LNP, preservative free, pediatric 50 mcg/0.5 mL dose",,227,"Active"
"COVID Pandemic","Covid-19 Non-US (Corbevax) ","Corbevax",,"Covid-19 Non-US (Corbevax) ",,517,"Active"
"COVID Pandemic","Covid-19 Non-US (KCONVAX) ","KCONVAX",,"Covid-19 Non-US (KCONVAX) ",,516,"Active"
"COVID Pandemic","COVID-19 Non-US (Medicago/Covifenz) ","Medicago/Covifenz","MDO","COVID-19 Non-US (Medicago/Covifenz) ",,512,"Active"
"COVID Pandemic","Covid-19 Non-US (MVC-COV1901)","MVC-COV1901",,"Covid-19 Non-US (MVC-COV1901)",,515,"Active"
"COVID Pandemic","Covid-19 Non-US (Zifivax) ","Zifivax",,"Covid-19 Non-US (Zifivax) ",,513,"Active"
"COVID Pandemic","Covid-19 Non-US (ZyCov-D) ","ZyCov-D",,"Covid-19 Non-US (ZyCov-D) ",,514,"Active"
"COVID Pandemic","COVID-19, mRNA, LNP-S, bivalent,PF,25mcg","Spikevax-MOD Biv. 25mcg","MOD","Moderna COVID-19 omicron booster dose, 25 mcg",91314,229,"Active"
"COVID Pandemic","COVID-19, mRNA, LNP-S, bivalent,PF,50mcg","Spikevax-MOD Biv. 50 mcg","MOD","Moderna COVID-19 omicron booster dose, 50mcg",91313,229,"Active"
"COVID Pandemic","C-19,mRNA, LNP-S, bivalent,PF,30mcg","Comirnaty-PFR Biv. 30mcg","PFR","Pfizer COVID-19 omicron booster dose, 30mcg, for 12+",91312,300,"Active"
"COVID Pandemic","C-19,mRNA, LNP-S, bivalent,PF,10mcg","Comirnaty-PFR Biv. 10mcg","PFR","Pfizer COVID-19 omicron booster dose, 10mcg, for 5-11",91315,301,"Active"
"COVID Pandemic","C-19,mRNA, LNP-S, bivalent,PF,3mcg","Comirnaty-PFR Biv. 3mcg","PFR","Pfizer COVID-19 omicron booster dose, 10mcg, for 6 months to 4 years",91317,302,"Active"
"COVID Pandemic","COVID-19, mRNA, LNP-S, bivalent,PF,10mcg","Spikevax-MOD Biv. 10mcg","MOD","Moderna COVID-19 omicron booster dose, 10 mcg",91316,230,"Active"
"COVID Routine","C-19 mRNA LNP-S PF 25mcg/0.25mL","SpikevaxMOD 25mcg","MOD","C-19 mRNA LNP-S PF 25mcg/0.25mL, 6 months - 11 years",91321,311,"Active"
"COVID Routine","C-19 mRNA LNP-S PF 50mcg/0.5mL","SpikevaxMOD 50mcg","MOD","C-19 mRNA LNP-S PF 50mcg/0.5mL, 12 and up",91322,312,"Active"
"COVID Routine","C-19 mRNA PF 3mcg/0.3mL","ComirnatyPFR 30mcg","PFR","C-19 mRNA PF 30mcg/0.3mL, 12+",91320,309,"Active"
"COVID Routine","C-19 mRNA PF 30mcg/0.3mL","ComirnatyPFR 3mcg","PFR","C-19 mRNA PF 3mcg/0.3mL, 6 months - 4 years",91318,308,"Active"
"COVID Routine","C-19 mRNA PF 10mcg/0.3mL","ComirnatyPFR 10mcg","PFR","C-19 mRNA PF 10mcg/0.3mL, 5-11 years",91319,310,"Active"
"COVID Routine","C-19 r-S nano 5mcg/0.5mL","Novavax C-19","NVX","C-19 r-S nano 5mcg/0.5mL",91304,313,"Active"
"Diphtheria","Diphtheria","Diptheria",,,90719,,"Inactive"
"DTaP","DTaP","Acel-Imune",,"diphtheria, tetanus toxoids and acellular pertussis vaccine",90700,"20","Active"
"DTaP","DTaP","Certiva",,"diphtheria, tetanus toxoids and acellular pertussis vaccine",90700,"20","Active"
"DTaP","DTaP,5 pertussis antigens","DAPTACEL","PMC","diphtheria, tetanus toxoids and acellular pertussis vaccine, 5 pertussis antigens",90700,"106","Active"
"DTaP","DT-Peds","DT Pediatric","PMC","diphtheria and tetanus toxoids, adsorbed for pediatric use",90702,"28","Active"
"DTaP","DTP","DTP",,"diphtheria, tetanus toxoids and pertussis vaccine",90701,"01","Inactive"
"DTaP","DTaP","Infanrix","SKB","diphtheria, tetanus toxoids and acellular pertussis vaccine",90700,"20","Active"
"DTaP","DTaP/Polio","Kinrix","SKB","Diphtheria, tetanus toxoids and acellular pertussis vaccine, and poliovirus vaccine, inactivated",90696,"130","Active"
"DTaP","DTAP/Polio/Hep B","Pediarix","SKB","DTaP-hepatitis B and poliovirus vaccine",90723,"110","Active"
"DTaP","DTaP/Polio/Hib","Pentacel","PMC","diphtheria, tetanus toxoids and acellular pertussis vaccine, Haemophilus influenzae type b conjugate, and poliovirus vaccine, inactivated (DTaP-Hib-IPV)",90698,"120","Active"
"DTaP","DTaP/Polio","Quadracel","PMC","Diphtheria, tetanus toxoids and acellular pertussis vaccine, and poliovirus vaccine, inactivated",90696,"130","Active"
"DTaP","DTP-Hib","Tetramune",,"DTP-Haemophilus influenzae type b conjugate vaccine",90720,"22","Inactive"
"DTaP","DTaP-Hib","TriHIBit","PMC","DTaP-Haemophilus influenzae type b conjugate vaccine",90721,"50","Inactive"
"DTaP","DTaP","Tripedia","PMC","diphtheria, tetanus toxoids and acellular pertussis vaccine",90700,"20","Active"
"DTaP","DTP,IPV,HibConjugate,Hep B recomb","Vaxelis","PMC","Diphtheria and Tetanus Toxoids and Acellular Pertussis Adsorbed, Inactivated Poliovirus, Haemophilus b Conjugate (Meningococcal Protein Conjugate) and Hepatitis B (Recombinant) Vaccine",90697,146,"Active"
"DTaP","DTaP, unspecified formulation",,,"diphtheria, tetanus toxoids and acellular pertussis vaccine, unspecified formulation",,"107","Inactive"
"DTaP","DTAP/IPV/HIB, non-US",,,"non-US diphtheria, tetanus toxoids and acellular pertussis vaccine, Haemophilus influenzae type b conjugate, and poliovirus vaccine, inactivated (DTaP-Hib-IPV)",,"170","Inactive"
"DTaP","DTP,Hib conjugate, hepatitis b vaccine",,,"DTP- Haemophilus influenzae type b conjugate and hepatitis b vaccine",,"102","Inactive"
"DTaP","Historical DTaP, polio inact, Hib, Hep B",,,"Historical record of vaccine containing
 diphtheria, tetanus toxoids and acellular pertussis; poliovirus, inactivated;
 Haemophilus influenzae type b conjugat; Hepatits B",,"132","Inactive"
"DTaP","pertussis vaccine",,,"pertussis vaccine",,"11","Inactive"
"EBOLA","Ebola Zaire vaccine, live, recomb, 1mL","ERVEBO","MSD","Ebola Zaire vaccine, live, recomb, 1mL",90758,204,"Active"
"EBOLA","Ebola, unspecified",,,"Ebola, unspecified",,214,"Active"
"Encephalitis","Japanese encephalitis - Intramuscular","Ixiaro","INT","Japanese Encephalitis vaccine for intramuscular administration",90738,"134","Active"
"Encephalitis","Japanese Enceph - Subcutaneous","JE-Vax","JPN","Japanese Encephalitis Vaccine SC",90735,"39","Inactive"
"Encephalitis","Japanese Encephal vaccine, unspec form",,,"Japanese Encephalitis vaccine, unspecified formulation",,"129","Inactive"
"Encephalitis","tick-borne encephalitis vaccine",,,"tick-borne encephalitis vaccine",,"77","Inactive"
"H1N1 Novel Flu","H1N1-09 Flu, split virus","H1N1 (bioCSL)","CSL","Novel influenza-H1N1-09, injectable",90668,"127","Inactive"
"H1N1 Novel Flu","H1N1-09 Flu, split virus, pfree","H1N1 (bioCSL), pfree","CSL","Novel influenza-H1N1-09, preservative-free, injectable",90666,"126","Inactive"
"H1N1 Novel Flu","H1N1-09 Flu, split virus","H1N1 (GlaxoSmithKline)","SKB","Novel influenza-H1N1-09, injectable",90668,"127","Inactive"
"H1N1 Novel Flu","H1N1-09 Flu, split virus, pfree","H1N1 (GlaxoSmithKline), pfree","SKB","Novel influenza-H1N1-09, preservative-free, injectable",90666,"126","Inactive"
"H1N1 Novel Flu","H1N1-09 Flu, live","H1N1 (Medimmune)","MED","Novel Influenza-H1N1-09, live virus for nasal administration",90664,"125","Inactive"
"H1N1 Novel Flu","H1N1-09 Flu, split virus","H1N1 (Novartis)","NOV","Novel influenza-H1N1-09, injectable",90668,"127","Inactive"
"H1N1 Novel Flu","H1N1-09 Flu, split virus, pfree","H1N1 (Novartis), pfree","NOV","Novel influenza-H1N1-09, preservative-free, injectable",90666,"126","Inactive"
"H1N1 Novel Flu","H1N1-09 Flu, split virus","H1N1 (Sanofi)","PMC","Novel influenza-H1N1-09, injectable",90668,"127","Inactive"
"H1N1 Novel Flu","H1N1-09 Flu, split virus, pfree","H1N1 (Sanofi), pfree","PMC","Novel influenza-H1N1-09, preservative-free, injectable",90666,"126","Inactive"
"H1N1 Novel Flu","H1N1-09 Novel Flu,  all formulations",,,"Novel influenza-H1N1-09, all formulations",90470,"128","Inactive"
"H1N1 Novel Flu","H1N1-09 Novel Flu,  all formulations",,,"Novel influenza-H1N1-09, all formulations",90663,"128","Inactive"
"HepA","HepA","Havrix",,"hepatitis A vaccine, unspecified formulation",90730,"85","Inactive"
"HepA","HepA-Adult","Havrix-Adult","SKB","hepatitis A vaccine, adult dosage",90632,"52","Active"
"HepA","HepA-Ped 2 Dose","Havrix-Peds","SKB","hepatitis A vaccine, pediatric/adolescent dosage, 2 dose schedule",90633,"83","Active"
"HepA","HepA-Peds","Havrix-Peds 3 Dose",,"hepatitis A vaccine, pediatric/adolescent dosage, 3 dose schedule",90634,"84","Inactive"
"HepA","HepA-HepB Adult","Twinrix","SKB","hepatitis A and hepatitis B vaccine",90636,"104","Active"
"HepA","HepA","VAQTA",,"hepatitis A vaccine, unspecified formulation",90730,"85","Inactive"
"HepA","HepA-Adult","VAQTA-Adult","MSD","hepatitis A vaccine, adult dosage",90632,"52","Active"
"HepA","HepA-Ped 2 Dose","VAQTA-Peds 2 Dose","MSD","hepatitis A vaccine, pediatric/adolescent dosage, 2 dose schedule",90633,"83","Active"
"HepA","HepA-Peds","VAQTA-Peds 3 Dose","MSD","hepatitis A vaccine, pediatric/adolescent dosage, 3 dose schedule",90634,"84","Inactive"
"HepA","Hep A, live attenuated, non-US",,,"Hep A, live attenuated-IM",,"169","Inactive"
"HepA","HepA, unspecified formulation",,,"hepatitis A vaccine, pediatric dosage, unspecified formulation",,"31","Inactive"
"HepB","HepB-Hib","Comvax","MSD","Haemophilus influenzae type b conjugate and Hepatitis B vaccine",90748,"51","Inactive"
"HepB","HepB-Adult","Engerix-B Adult","SKB","hepatitis B vaccine, adult dosage",90746,"43","Active"
"HepB","HepB-Dialysis 4 dose","Engerix-B dialysis","SKB","hepatitis B vaccine, dialysis patient dosage",90747,44,"Active"
"HepB","HepB-Peds","Engerix-B Peds","SKB","hepatitis B vaccine, pediatric or pediatric/adolescent dosage",90744,"08","Active"
"HepB","Hepatitis B, adult (2 dose)","Hep B, adult 2 dose","MSD","hepatitis B vaccine, adult dosage",90739,"43","Active"
"HepB","HepB-Adult","HepB-Adult",,"hepatitis B vaccine, adult dosage",90746,"43","Active"
"HepB","HepB-Dialysis 3 dose","HepB-Dialysis 3 Dose","MSD","hepatitis B vaccine, dialysis patient dosage",90740,"44","Active"
"HepB","Hep B, adjuvanted","Heplisav-B","DVX","Hepatitis B vaccine (recombivant), adjuvanted",90739,"189","Active"
"HepB","DTAP/Polio/Hep B","Pediarix","SKB","DTaP-hepatitis B and poliovirus vaccine",90723,"110","Active"
"HepB","HepB adolescent- 2 dose","Recombivax 2-dose","MSD","hepatitis B vaccine, adult dosage",90743,"43","Active"
"HepB","HepB-Adult","Recombivax-Adult","MSD","hepatitis B vaccine, adult dosage",90746,"43","Active"
"HepB","HepB-Dialysis 4 dose","Recombivax-Dialysis","MSD","hepatitis B vaccine, dialysis patient dosage",90747,44,"Active"
"HepB","HepB-Peds","Recombivax-Peds","MSD","hepatitis B vaccine, pediatric or pediatric/adolescent dosage",90744,"08","Active"
"HepB","HepA-HepB Adult","Twinrix","SKB","hepatitis A and hepatitis B vaccine",90636,"104","Active"
"HepB","DTP,IPV,HibConjugate,Hep B recomb","Vaxelis","PMC","Diphtheria and Tetanus Toxoids and Acellular Pertussis Adsorbed, Inactivated Poliovirus, Haemophilus b Conjugate (Meningococcal Protein Conjugate) and Hepatitis B (Recombinant) Vaccine",90697,146,"Active"
"HepB","DTP,Hib conjugate, hepatitis b vaccine",,,"DTP- Haemophilus influenzae type b conjugate and hepatitis b vaccine",,"102","Inactive"
"HepB","HepB",,,"hepatitis B vaccine, adolescent/high risk infant dosage",90745,"42","Inactive"
"HepB","HepB, unspecified formulation",,,"hepatitis B vaccine, unspecified formulation",90731,"45","Inactive"
"Hib","Hib-PRP-T","ActHib","PMC","Haemophilus influenzae type b vaccine, PRP-T conjugate",90648,"48","Active"
"Hib","HepB-Hib","Comvax","MSD","Haemophilus influenzae type b conjugate and Hepatitis B vaccine",90748,"51","Inactive"
"Hib","Hib-PRP-T","Hiberix","SKB","Haemophilus influenzae type b vaccine, PRP-T conjugate",90648,"48","Active"
"Hib","Hib-HbOC","Hib-TITER",,"Haemophilus influenzae type b vaccine, HbOC conjugate",90645,"47","Inactive"
"Hib","Meningococcal C/Y-HIB PRP","Menhibrix","SKB","Meningococcal Groups C and Y and Haemophilus b Tetanus Toxoid Conjugate Vaccine",90644,"148","Active"
"Hib","Hib-PRP-T","OmniHib",,"Haemophilus influenzae type b vaccine, PRP-T conjugate",90648,"48","Active"
"Hib","Hib-OMP","PedvaxHIB","MSD","Haemophilus influenzae type b vaccine, PRP-OMP conjugate",90647,"49","Active"
"Hib","DTaP/Polio/Hib","Pentacel","PMC","diphtheria, tetanus toxoids and acellular pertussis vaccine, Haemophilus influenzae type b conjugate, and poliovirus vaccine, inactivated (DTaP-Hib-IPV)",90698,"120","Active"
"Hib","Hib-PRP-D","ProHIBit",,"Haemophilus influenzae type b vaccine, PRP-D conjugate",90646,"46","Inactive"
"Hib","DTP-Hib","Tetramune",,"DTP-Haemophilus influenzae type b conjugate vaccine",90720,"22","Inactive"
"Hib","DTaP-Hib","TriHIBit","PMC","DTaP-Haemophilus influenzae type b conjugate vaccine",90721,"50","Inactive"
"Hib","DTP,IPV,HibConjugate,Hep B recomb","Vaxelis","PMC","Diphtheria and Tetanus Toxoids and Acellular Pertussis Adsorbed, Inactivated Poliovirus, Haemophilus b Conjugate (Meningococcal Protein Conjugate) and Hepatitis B (Recombinant) Vaccine",90697,146,"Active"
"Hib","DTAP/IPV/HIB, non-US",,,"non-US diphtheria, tetanus toxoids and acellular pertussis vaccine, Haemophilus influenzae type b conjugate, and poliovirus vaccine, inactivated (DTaP-Hib-IPV)",,"170","Inactive"
"Hib","DTP,Hib conjugate, hepatitis b vaccine",,,"DTP- Haemophilus influenzae type b conjugate and hepatitis b vaccine",,"102","Inactive"
"Hib","Hib, unspecified formulation",,,"Haemophilus influenzae type b vaccine, conjugate unspecified formulation",90737,"17","Inactive"
"HPV","HPV bivalent","Cervarix","SKB","human papilloma virus vaccine, bivalent",90650,"118","Inactive"
"HPV","HPV quadrivalent","Gardasil 4","MSD","human papilloma virus vaccine, quadrivalent",90649,"62","Inactive"
"HPV","HPV9","Gardasil 9","MSD","Human Papillomavirus 9-valent vaccine",90651,"165","Active"
"HPV","HPV, unspecified formulation",,,"HPV, unspecified formulation",,"137","Inactive"
"Ig","Botulinum-antitoxin","Botulinum-antitoxin",,"botulinum antitoxin",90287,"27","Active"
"Ig","Botulism","Botulism",,,90288,,"Active"
"Ig","CMV-IgIV","CMV-IgIV",,"cytomegalovirus immune globulin, intravenous",90291,"29","Active"
"Ig","Diphtheria-antitoxin","Diphtheria-antitoxin",,"diphtheria antitoxin",90296,"12","Active"
"Ig","HBIG","HBIG",,"hepatitis B immune globulin",90371,"30","Active"
"Ig","TIg","Hyper-TET","GRF","tetanus immune globulin",90389,"13","Active"
"Ig","Ig","Ig",,"immune globulin, intramuscular",90281,"86","Active"
"Ig","IgIV","IgIV",,"immune globulin, intravenous",90283,"87","Active"
"Ig","RIg","RIG",,"rabies immune globulin",90375,"34","Active"
"Ig","RIg-HT","RIG-HT",,"rabies immune globulin",90376,"34","Active"
"Ig","TIg","TIG",,"tetanus immune globulin",90389,"13","Active"
"Ig","Vaccinia immune globulin VIG","VIG",,"vaccinia immune globulin",90393,"79","Active"
"Ig","VZIg","VZIG",,"varicella zoster immune globulin",90396,"36","Active"
"Ig","anthrax immune globulin",,,"anthrax immune globulin",,"181","Active"
"Ig","immune globulin, unspecified formulation",,,"immune globulin, unspecified formulation",90741,"14","Inactive"
"Ig","tetanus immune globulin",,,"tetanus immune globulin",,"180","Inactive"
"Influenza","FLU quadrivalent, 3+ yrs","Afluria quad","SEQ","influenza, injectable, quadrivalent, contains preservative",90688,"158","Active"
"Influenza","FLU quadrivalent, p-free 6-35 mos","Afluria quad (6-35 mos), pfree","SEQ","Influenza, injectable,quadrivalent, preservative free, pediatric",90685,161,"Active"
"Influenza","FLU quadrivalent, p-free 3+ yrs","Afluria quad p-free","SEQ","Influenza, injectable, quadrivalent, preservative free",90686,"150","Active"
"Influenza","FLU >= 3 Years","Afluria trivalent","CSL","Influenza, seasonal, injectable",90658,"141","Active"
"Influenza","FLU 6-35 Months","Afluria tri (6-35 mos)","SEQ","Influenza, seasonal, injectable",90657,"141","Active"
"Influenza","FLU p-free 6-35 months","Afluria tri(6-35m) pfree","SEQ","Influenza, seasonal, injectable, preservative free",90655,"140","Active"
"Influenza","FLU p-free >= 3 yrs","Afluria trivalent, pfree","CSL","Influenza, seasonal, injectable, preservative free",90656,"140","Active"
"Influenza","FLU >= 3 Years","Agriflu trivalent","NOV","Influenza, seasonal, injectable",90658,"141","Active"
"Influenza","Flu, quadrivalent, adjuvanted, pfree","FLUAD quadrivalent","SEQ","influenza, seasonal vaccine, quadrivalent, adjuvanted, .5mL dose, preservative free",90694,205,"Active"
"Influenza","Influenza, trivalent, adjuvanted","Fluad trivalent","SEQ","Seasonal trivalent influenza vaccine, adjuvanted, preservative free",90653,"168","Active"
"Influenza","FLU quadrivalent, p-free 3+ yrs","Fluarix quad pfree","SKB","Influenza, injectable, quadrivalent, preservative free",90686,"150","Active"
"Influenza","FLU p-free >= 3 yrs","Fluarix trivalent, pfree","SKB","Influenza, seasonal, injectable, preservative free",90656,"140","Active"
"Influenza","Quad, recombinant, p- free,  influenza","Flublok quad","PSC","Seasonal, quadrivalent, recombinant, injectable influenza vaccine, preservative free",90682,"185","Active"
"Influenza","FLU recombinant, inject, p-free, RIV3","Flublok trivalent, pfree","PSC","Seasonal, trivalent, recombinant, injectable influenza vaccine, preservative free",90673,"155","Active"
"Influenza","Influenza, injectable MDCK quadrivalent","Flucelvax quad","SEQ","Influenza, injectable, MDCK, quadrivalent, preservative",90756,186,"Active"
"Influenza","Flu, inject, MDCK, p-free, quadrivalent","Flucelvax quad pfree","SEQ","Influenza, injectable, Madin Darby Canine Kidney, preservative free, quadrivalent",90674,"171","Active"
"Influenza","FLU injectable, MDCK,  p-free","Flucelvax tri pfree","SEQ","Influenza, injectable, Madin Darby Canine Kidney, preservative free",90661,"153","Inactive"
"Influenza","FLU >= 3 Years","Flu-Imune trivalent","WAL","Influenza, seasonal, injectable",90658,"141","Active"
"Influenza","FLU 6-35 Months","Flu-Imune trivalent (6-35 mos)","WAL","Influenza, seasonal, injectable",90657,"141","Active"
"Influenza","Flu, trivalent, whole virus","Flu-Imune trivalent whole virus","WAL","influenza virus vaccine, whole virus",90659,"16","Inactive"
"Influenza","FLU quadrivalent, 3+ yrs","FluLaval quad","IDB","influenza, injectable, quadrivalent, contains preservative",90688,"158","Active"
"Influenza","FLU quadrivalent, p-free 3+ yrs","FluLaval quad pfree","IDB","Influenza, injectable, quadrivalent, preservative free",90686,"150","Active"
"Influenza","FLU >= 3 Years","FluLaval trivalent","IDB","Influenza, seasonal, injectable",90658,"141","Active"
"Influenza","FLU live, intranasal, quadrivalent","FluMist quad","MED","influenza, live, intranasal, quadrivalent",90672,"149","Active"
"Influenza","FLU-Nasal","FluMist trivalent","MED","influenza virus vaccine, live, attenuated, for intranasal use",90660,"111","Inactive"
"Influenza","FLU >= 3 Years","Fluogen trivalent","PD","Influenza, seasonal, injectable",90658,"141","Active"
"Influenza","FLU 6-35 Months","Fluogen trivalent (6-36 mos)","PD","Influenza, seasonal, injectable",90657,"141","Active"
"Influenza","Flu, trivalent, whole virus","Fluogen trivalent whole virus","PD","influenza virus vaccine, whole virus",90659,"16","Inactive"
"Influenza","FLU >= 3 Years","Flu-Shield trivalent","WAL","Influenza, seasonal, injectable",90658,"141","Active"
"Influenza","FLU 6-35 Months","Flu-Shield trivalent (6-36 mos)","WAL","Influenza, seasonal, injectable",90657,"141","Active"
"Influenza","Flu, trivalent, whole virus","Flu-Shield trivalent whole virus","WAL","influenza virus vaccine, whole virus",90659,"16","Inactive"
"Influenza","FLU >= 3 Years","Fluvirin IIV3 (Novartis)","NOV","Influenza, seasonal, injectable",90658,"141","Active"
"Influenza","FLU p-free >= 3 yrs","Fluvirin IIV3 (Novartis), pfree","NOV","Influenza, seasonal, injectable, preservative free",90656,"140","Active"
"Influenza","Flu, trivalent, whole virus","Fluvirin IIV3 (Seqirus)","SEQ","influenza virus vaccine, whole virus",90659,"16","Inactive"
"Influenza","FLU 6-35 Months","Fluvirin IIV3 (Seqirus) (6-35 mos)","SEQ","Influenza, seasonal, injectable",90657,"141","Active"
"Influenza","FLU quadrivalent, 3+ yrs","Fluzone quad","PMC","influenza, injectable, quadrivalent, contains preservative",90688,"158","Active"
"Influenza","FLU quadrivalent, 6-35 mos","Fluzone quad (6-35 mos) pfree","PMC","influenza, injectable, quadrivalent, contains preservative",90687,"158","Active"
"Influenza","FLU quadrivalent, p-free 6-35 mos","Fluzone quad (6-35 mos) pfree","PMC","Influenza, injectable,quadrivalent, preservative free, pediatric",90685,"161","Active"
"Influenza","Flu, quadrivalent, high dose, pfree","Fluzone quad high pfree","PMC","influenza, injectable, quadrivalent, high dose, preservative free",90662,197,"Active"
"Influenza","influenza, intradermal, quad, pfree, inj","Fluzone quad intradermal","PMC","influenza, intradermal, quadrivalent, preservative free, injectable",90630,"166","Active"
"Influenza","FLU quadrivalent, p-free 3+ yrs","Fluzone quad pfree","PMC","Influenza, injectable, quadrivalent, preservative free",90686,"150","Active"
"Influenza","FLU >= 3 Years","Fluzone trivalent","PMC","Influenza, seasonal, injectable",90658,"141","Active"
"Influenza","FLU 6-35 Months","Fluzone tri (6-35 mos)","PMC","Influenza, seasonal, injectable",90657,"141","Active"
"Influenza","FLU p-free 6-35 months","Fluzone tri(6-35m) pfree","PMC","Influenza, seasonal, injectable, preservative free",90655,"140","Active"
"Influenza","FLU p-free high-dose","Fluzone tri high dose","PMC","influenza, high dose seasonal, preservative-free",90662,"135","Active"
"Influenza","FLU intradermal, p-free 18-64 yrs","Fluzone trivalent intradermal","PMC","seasonal influenza, intradermal, preservative free",90654,"144","Active"
"Influenza","Flu, trivalent, whole virus","Fluzone trivalent whole virus","PMC","influenza virus vaccine, whole virus",90659,"16","Inactive"
"Influenza","FLU p-free >= 3 yrs","Fluzone trivalent, pfree","PMC","Influenza, seasonal, injectable, preservative free",90656,"140","Active"
"Influenza","FLU seasonal","Seasonal flu trivalent",,"Influenza, seasonal, injectable",,"141","Active"
"Influenza","FLU seasonal, p-free","Seasonal flu trivalent, pfree",,"Influenza, seasonal, injectable, preservative free",,"140","Active"
"Influenza","Flu, unspecified formulation","Seasonal flu unspecified",,,90724,88,"Active"
"Influenza","Flu live, unspecified formulation","Seasonal flu unspecified nasal",,"influenza nasal, unspecified formulation",,"151","Inactive"
"Influenza","FLU Southern Hemisphere, unspec form",,,"Influenza, Southern Hemisphere, unspecified (non-US vaccine)",,194,"Inactive"
"Influenza","influenza virus, split virus retired",,,"influenza virus vaccine, split virus (incl. purified surface antigen)-retired CODE",,"15","Inactive"
"Influenza","Flu, trivalent, MDCK","Flucelvax trivalent","SEQ","Flu, trivalent, MDCK",90661,320,"Active"
"Lyme","Lyme","LYMErix",,"Lyme disease vaccine",90665,"66","Inactive"
"Measles","Measles","Attenuvax","MSD","measles virus vaccine",90705,"05","Inactive"
"Measles","Measles","Measles",,"measles virus vaccine",90705,"05","Inactive"
"Meninge-B","Meningococcal B-recombinant-OMV-adjuvant","Bexsero","NOV","meningococcal B vaccine, recombinant, OMV, adjuvanted",90620,"163","Active"
"Meninge-B","Meningococcal B, fully recombinant","Trumenba","PFR","meningococcal B vaccine, fully recombinant",90621,"162","Active"
"Meninge-B","Meningococcal B, unspecified formulation",,,"meningococcal B, unspecified formulation",,"164","Inactive"
"Meninge-B","Meningococcal, unknown formulation",,,"meningococcal vaccine of unknown formulation and unknown serogroups",,"167","Inactive"
"Meninge-B","Meningococcal polysaccharide (MenACWY-TT conjugate), (MenB), PF","PENBRAYA","PFR","Meningococcal polysaccharide (MenACWY-TT conjugate), (MenB), PF",90623,316,"Active"
"Meninge-conj","Meningococcal polysaccharide (MenACWY-TT conjugate), (MenB), PF","PENBRAYA","PFR","Meningococcal polysaccharide (MenACWY-TT conjugate), (MenB), PF",90623,316,"Active"
"Meninge-conj","MCV4-D","Menactra","PMC","meningococcal polysaccharide (groups A, C, Y and W-135) diphtheria toxoid conjugate vaccine (MCV4P)",90734,"114","Active"
"Meninge-conj","Meningococcal C/Y-HIB PRP","Menhibrix","SKB","Meningococcal Groups C and Y and Haemophilus b Tetanus Toxoid Conjugate Vaccine",90644,"148","Active"
"Meninge-conj","MCV4-CRM","Menveo","SKB","meningococcal oligosaccharide (groups A, C, Y and W-135) diphtheria toxoid conjugate vaccine (MCV4O)",90734,"136","Active"
"Meninge-conj","MCV4-CRM","Menveo","NOV","meningococcal oligosaccharide (groups A, C, Y and W-135) diphtheria toxoid conjugate vaccine (MCV4O)",90734,"136","Active"
"Meninge-conj","Meningococcal ACWY, unspec formulation",,,"meningococcal ACWY vaccine, unspecified formulation",,"108","Inactive"
"Meninge-conj","Meningococcal C conjugate",,,"meningococcal C conjugate vaccine",,"103","Inactive"
"Meninge-conj","Meningococcal, MCV4, unspec conjugate",,,"Meningococcal, MCV4, unspecified conjugate formulation(groups A, C, Y and W-135)",90734,"147","Inactive"
"Meninge-conj","Meningococcal, unknown formulation",,,"meningococcal vaccine of unknown formulation and unknown serogroups",,"167","Inactive"
"Meninge-poly","MPSV4 (Men polysaccharide)","Menomune","PMC","meningococcal polysaccharide vaccine (MPSV4)",90733,"32","Inactive"
"Meninge-poly","Mening ACWY polysaccharide/TT conj","MenQuadfi","PMC","meningococcal polysaccharide (groups A, C, Y, W-135) tetanus toxoid conjugate vaccine .5mL dose, preservative free",90619,203,"Active"
"Meninge-poly","Meningococcal, unknown formulation",,,"meningococcal vaccine of unknown formulation and unknown serogroups",,"167","Inactive"
"MMR","Rubella-Mumps","Biavax II",,"rubella and mumps virus vaccine",90709,"38","Inactive"
"MMR","Measles-Rubella","Measles-Rubella (MERU)",,"measles and rubella virus vaccine",90708,"04","Inactive"
"MMR","MMR","MMR II","MSD","measles, mumps and rubella virus vaccine",90707,"03","Active"
"MMR","Measles-Rubella","M-R-VAX",,"measles and rubella virus vaccine",90708,"04","Inactive"
"MMR","Rubella-Mumps","Mumps-Rubella (MURU)",,"rubella and mumps virus vaccine",90709,"38","Inactive"
"MMR","MMRV","Proquad","MSD","measles, mumps, rubella, and varicella virus vaccine",90710,"94","Active"
"MMR","MMR","Priorix","SKB","measles, mumps and rubella virus vaccine",90707,"03","Active"
"Mumps","Mumps","Mumps",,"mumps virus vaccine",90704,"07","Inactive"
"Mumps","Mumps","Mumpsvax",,"mumps virus vaccine",90704,"07","Inactive"
"Orthopoxvirus","Smallpox monkeypox","JYNNEOS","BN","Vaccinia, smallpox monkeypox vaccine, live attenuated, preservative free",90611,206,"Active"
"Plague","Plague","Plague",,"plague vaccine",90727,"23","Active"
"Pneumo-conj","Pneumo-PCV13","Prevnar 13","PFR","pneumococcal conjugate vaccine, 13 valent",90670,"133","Active"
"Pneumo-conj","Pneumo-PCV20","Prevnar 20","PFR","Pneumococcal conjugate PCV20, polysaccharide CRM197 conjugate, adjuvant, PF",90677,216,"Active"
"Pneumo-conj","Pneumo-PCV7","Prevnar 7","WAL","pneumococcal conjugate vaccine, 7 valent",90669,"100","Inactive"
"Pneumo-conj","Pneumo-PCV15","VAXNEUVANCE","MSD","Pneumococcal conjugate PCV15, polysaccharide CRM197 conjugate, adjuvant, PF",90671,215,"Active"
"Pneumo-conj","PCV10",,,"pneumococcal conjugate vaccine, 10 valent",,"177","Inactive"
"Pneumo-conj","Pneumococcal Conjugate, unspec form",,,"Pneumococcal Conjugate, unspecified formulation",,"152","Inactive"
"Pneumo-conj","Pneumococcal, unspecified formulation",,,"pneumococcal vaccine, unspecified formulation",,"109","Inactive"
"Pneumo-conj","PCV21 CRM197 PF","CAPVAXIVE","MSD","Pneumococcal conjugate PCV21, polysaccharide CRM197 conjugate, PF",90684,327,"Active"
"Pneumo-conj","Pneumo-PCV15","Prevnar 15","PFR","Pneumo-PCV15",90671,215,"Active"
"Pneumo-poly","Pneumo-PPSV23","Pneumovax 23","MSD","pneumococcal polysaccharide vaccine, 23 valent",90732,"33","Active"
"Pneumo-poly","Pneumo-PPSV23","PNU-IMUNE 23",,"pneumococcal polysaccharide vaccine, 23 valent",90732,"33","Active"
"Polio","Polio-Inject","IPOL","PMC","poliovirus vaccine, inactivated",90713,"10","Active"
"Polio","DTaP/Polio","Kinrix","SKB","Diphtheria, tetanus toxoids and acellular pertussis vaccine, and poliovirus vaccine, inactivated",90696,"130","Active"
"Polio","OPV bivalent","OPV bivalent","PMC","Non-US bivalent oral polio vaccine (types 1 and 3)",,"178","Inactive"
"Polio","OPV, monovalent, unspecified","OPV, monovalent, unspecified","PMC","Non-US monovalent oral polio vaccine, unspecified formulation",,"179","Inactive"
"Polio","OPV, trivalent live","OPV, trivalent live","SKB","trivalent poliovirus vaccine, live, oral",,"02","Inactive"
"Polio","OPV, unspecified","OPV, unspecified",,"Oral Polio Vaccine, Unspecified formulation",90712,"182","Inactive"
"Polio","OPV, trivalent live","ORIMUNE",,"trivalent poliovirus vaccine, live, oral",,"02","Inactive"
"Polio","DTAP/Polio/Hep B","Pediarix","SKB","DTaP-hepatitis B and poliovirus vaccine",90723,"110","Active"
"Polio","DTaP/Polio/Hib","Pentacel","PMC","diphtheria, tetanus toxoids and acellular pertussis vaccine, Haemophilus influenzae type b conjugate, and poliovirus vaccine, inactivated (DTaP-Hib-IPV)",90698,"120","Active"
"Polio","DTaP/Polio","Quadracel","PMC","Diphtheria, tetanus toxoids and acellular pertussis vaccine, and poliovirus vaccine, inactivated",90696,"130","Active"
"Polio","DTP,IPV,HibConjugate,Hep B recomb","Vaxelis","PMC","Diphtheria and Tetanus Toxoids and Acellular Pertussis Adsorbed, Inactivated Poliovirus, Haemophilus b Conjugate (Meningococcal Protein Conjugate) and Hepatitis B (Recombinant) Vaccine",90697,146,"Active"
"Polio","DTAP/IPV/HIB, non-US",,,"non-US diphtheria, tetanus toxoids and acellular pertussis vaccine, Haemophilus influenzae type b conjugate, and poliovirus vaccine, inactivated (DTaP-Hib-IPV)",,"170","Inactive"
"Polio","Historical DTaP, polio inact, Hib, Hep B",,,"Historical record of vaccine containing
 diphtheria, tetanus toxoids and acellular pertussis,; poliovirus, inactivated; Haemophilus influenzae type b conjugat; Hepatitis B",,"132","Inactive"
"Polio","Polio, unspecified formulation",,,"poliovirus vaccine, unspecified formulation",,"89","Inactive"
"Polio","DT, IPV adsorbed (non-US)",,,"Diphtheria, Tetanus, Poliomyelitis adsorbed (non-US vaccine)",,195,"Inactive"
"Polio","Poliovirus inact fract dose",,,"Poliovirus, inactivated, fractional-dose (fIPV) ",,324,"Inactive"
"Rabies","Rabies - IM Diploid cell culture","Imovax","PMC","Human Rabies vaccine from human diploid cell culture",90675,"175","Active"
"Rabies","Rabies-ID","Imovax Rabies ID","PMC","rabies vaccine, for intradermal injection",90676,"40","Inactive"
"Rabies","Rabies-IM RETIRED CODE","Imovax Rabies IM","PMC","rabies vaccine, for intramuscular injection RETIRED CODE",,"18","Inactive"
"Rabies","Rabies - IM fibroblast culture","RabAvert","SKB","Human rabies vaccine from Chicken fibroblast culture",90675,"176","Active"
"Rabies","Rabies-IM RETIRED CODE","RabAvert (inactive)","CHI","rabies vaccine, for intramuscular injection RETIRED CODE",,"18","Inactive"
"Rabies","Rabies, unspecified formulation",,,"rabies vaccine, unspecified formulation",,"90","Inactive"
"Rabies","Rabies, unspecified formulation",,,"rabies vaccine, unspecified formulation",90726,"90","Inactive"
"Rotavirus","Rotavirus, monovalent, 2-dose","Rotarix","SKB","rotavirus, live, monovalent vaccine",90681,"119","Active"
"Rotavirus","Rotavirus, pentavalent, 3-dose","RotaShield",,"rotavirus, live, pentavalent vaccine",,74,"Active"
"Rotavirus","Rotavirus, pentavalent, 3-dose","RotaTeq","MSD","rotavirus, live, pentavalent vaccine",90680,"116","Active"
"Rotavirus","Rotavirus, tetravalent, 3-dose",,,"rotavirus, live, tetravalent vaccine",,"74","Inactive"
"Rotavirus","Rotavirus, unspecified formulation",,,"rotavirus vaccine, unspecified formulation",,"122","Inactive"
"RSV","RSV monoclonal antibody, IgG1k, 1.0 mL","BEYFORTUS (1mL)","PMC","RSV monoclonal antibody, IgG1k, 1.0 mL",90381,307,"Active"
"RSV","RSV monoclonal antibody, IgG1k, 0.5 mL","BEYFORTUS (0.5mL)","PMC","RSV monoclonal antibody, IgG1k, 0.5 mL",90380,306,"Active"
"RSV","RSV, biv, RSVpreF, diluent, 0.5mL, pfree","Abrysvo","PFR","RSV, biv, RSVpreF, diluent, 0.5mL, pfree",90678,305,"Active"
"RSV","RSV, unspecified",,,"RSV, unspecified",,304,"Active"
"RSV","RSV, recomb, RSVpreF, adj, 0.5mL, pfree","Arexvy","SKB","RSV, recomb, RSVpreF, adj, 0.5mL, pfree",90679,303,"Active"
"RSV","RSV, mRNA, injectable PF","mRESVIA","MOD","RSV, mRNA, injectable PF",,326,"Active"
"Rubella","Rubella","Meruvax II","MSD","rubella virus vaccine",90706,"06","Inactive"
"Rubella","Rubella","Rubella",,"rubella virus vaccine",90706,"06","Inactive"
"Smallpox","Smallpox","ACAM2000","PMC","vaccinia (smallpox) vaccine",90622,"75","Active"
"Smallpox","Smallpox","Dryvax",,"vaccinia (smallpox) vaccine",,"75","Active"
"Smallpox","Vaccinia (smallpox), diluted","Vaccinia (smallpox), diluted",,"vaccinia (smallpox) vaccine, diluted",,"105","Inactive"
"Td/Tdap","Tdap","Adacel 11+ yrs","PMC","tetanus toxoid, reduced diphtheria toxoid, and acellular pertussis vaccine, adsorbed",90715,"115","Active"
"Td/Tdap","Tdap","Boostrix 10+ yrs","SKB","tetanus toxoid, reduced diphtheria toxoid, and acellular pertussis vaccine, adsorbed",90715,"115","Active"
"Td/Tdap","Td-Preservative free","Decavac 7+ yrs","PMC","tetanus and diphtheria toxoids, adsorbed, preservative free, for adult use (5 Lf of tetanus toxoid and 2 Lf of diphtheria toxoid)",90714,"113","Inactive"
"Td/Tdap","Td (adult), adsorbed","Td (adult), absorbed","MBL","tetanus and diphtheria toxoids, adsorbed, preservative free, for adult use (2 Lf of tetanus toxoid and 2 Lf of diphtheria toxoid)",90714,"09","Inactive"
"Td/Tdap","Td (adult), adsorbed","Td 7+ yrs",,"tetanus and diphtheria toxoids, adsorbed, preservative free, for adult use (2 Lf of tetanus toxoid and 2 Lf of diphtheria toxoid)",90718,"09","Active"
"Td/Tdap","Tdap","Tdap",,"tetanus toxoid, reduced diphtheria toxoid, and acellular pertussis vaccine, adsorbed",90715,"115","Active"
"Td/Tdap","Td (adult), adsorbed","TDVAX","MBL","tetanus and diphtheria toxoids, adsorbed, preservative free, for adult use (2 Lf of tetanus toxoid and 2 Lf of diphtheria toxoid)",90718,"09","Inactive"
"Td/Tdap","Td-Preservative free","Tenivac 7+ yrs","PMC","tetanus and diphtheria toxoids, adsorbed, preservative free, for adult use (5 Lf of tetanus toxoid and 2 Lf of diphtheria toxoid)",90714,"113","Inactive"
"Td/Tdap","Td (adult), adsorbed","Tetanus Diphtheria Toxoids Adsorbed","GRF","tetanus and diphtheria toxoids, adsorbed, preservative free, for adult use (2 Lf of tetanus toxoid and 2 Lf of diphtheria toxoid)",90718,"09","Inactive"
"Td/Tdap","pertussis vaccine",,,"pertussis vaccine",,"11","Inactive"
"Td/Tdap","Td, unspecified formulation",,,"Td(adult) unspecified formulation",90714,"139","Inactive"
"Td/Tdap","tetanus diphtheria not adsbed adult",,,"tetanus and diphtheria toxoids, not adsorbed, for adult use",,"138","Inactive"
"Td/Tdap","DT, IPV adsorbed (non-US)",,,"Diphtheria, Tetanus, Poliomyelitis adsorbed (non-US vaccine)",,195,"Inactive"
"Td/Tdap","Td (adult), adsorbed",,,"tetanus and diphtheria toxoids, adsorbed, preservative free, for adult use, Lf unspecified",,196,"Active"
"Tetanus","Tetanus toxoid, adsorbed","TT adsorbed","PMC","tetanus toxoid, adsorbed",90703,"35","Inactive"
"Tetanus","Tetanus toxoid, not adsorbed","TT not adsorbed",,"tetanus toxoid, not adsorbed",,"142","Inactive"
"Tetanus","tetanus toxoid, unspecified formulation",,,"tetanus toxoid, unspecified formulation",,"112","Inactive"
"Tick-borne Encephalitis","Tick-borne encephalitis (non-US)",,,"Tick-borne encephalitis (non-US)",,77,"Inactive"
"Tick-borne Encephalitis","Tick-borne encephalitis, unspecified",,,"Tick-borne encephalitis, unspecified",,222,"Active"
"Tick-borne Encephalitis","Tick-borne encephalitis, inact, PF, 0.25mL","TICOVAC peds","PFR","Tick-borne encephalitis, inact, PF, 0.25mL",90626,223,"Active"
"Tick-borne Encephalitis","Tick-borne encephalitis, inact, PF, 0.5mL","TICOVAC","PFR","Tick-borne encephalitis, inact, PF, 0.5mL",90627,224,"Active"
"Typhoid","Typhoid-ViCPs","Typhim Vi","PMC","typhoid Vi capsular polysaccharide vaccine",90691,"101","Active"
"Typhoid","Typhoid-HP","Typhoid",,"typhoid vaccine, parenteral, other than acetone-killed, dried",90692,"41","Inactive"
"Typhoid","Typhoid-AKD","Typhoid-AKD",,"typhoid vaccine, parenteral, acetone-killed, dried (U.S. military)",90693,"53","Inactive"
"Typhoid","Typhoid-Oral","Vivotif B","CRU","typhoid vaccine, live, oral",90690,"25","Active"
"Typhoid","Typhoid, unspecified formulation",,,"typhoid vaccine, unspecified formulation",,"91","Inactive"
"Typhus","Typhus, historical","Typhus",,"Historical record of a typhus vaccination",86000,"131","Inactive"
"Varicella","MMRV","Proquad","MSD","measles, mumps, rubella, and varicella virus vaccine",90710,"94","Active"
"Varicella","Varicella","Varivax","MSD","varicella virus vaccine",90716,"21","Active"
"Yellow Fever","Yellow Fever, alt","Stamaril","PMC","Yellow fever vaccine alternative formulation",90717,"183","Active"
"Yellow Fever","Yellow Fever","YF-VAX","PMC","yellow fever vaccine",90717,"37","Active"
"Yellow Fever","Yellow Fever, unspecified",,,"Yellow fever vaccine, unspecified formulation",,"184","Inactive"
"Zoster/shingles","zoster subunit","Shingrix","SKB","zoster vaccine subunit",90750,"187","Active"
"Zoster/shingles","Zoster vaccine, live","Zostavax","MSD","zoster vaccine, live",90736,"121","Active"
"Zoster/shingles","zoster, unspecified formulation",,,"zoster vaccine, unspecified formulation",,"188","Inactive"